{
  "project_info": {
    "project_number": "670486391893",
    "project_id": "projetointegradoriii-master",
    "storage_bucket": "projetointegradoriii-master.appspot.com"
  },
  "client": [
    {
      "client_info": {
        "mobilesdk_app_id": "1:670486391893:android:9bc1e33d6d1eceb6a438dc",
        "android_client_info": {
          "package_name": "com.example.projetointiii"
        }
      },
      "oauth_client": [
        {
          "client_id": "670486391893-qerad1glbdsclbjcu1g8vsgk9pedka3t.apps.googleusercontent.com",
          "client_type": 3
        }
      ],
      "api_key": [
        {
          "current_key": "AIzaSyAVfo1XJDgyvPEIAnQV-nie3hFGzxowXKQ"
        }
      ],
      "services": {
        "appinvite_service": {
          "other_platform_oauth_client": [
            {
              "client_id": "670486391893-qerad1glbdsclbjcu1g8vsgk9pedka3t.apps.googleusercontent.com",
              "client_type": 3
            }
          ]
        }
      }
    }
  ],
  "configuration_version": "1"
}